Time,MQ8,MQ4,MQ9,MQ7,MQ135
1708586051.161408,262.1666666666667,129.0,83.75,209.75,329.5
